{"stats":{"minecraft:picked_up":{"the_flesh_that_hates:flesh_heart":1,"dummmmmmy:target_dummy":1,"minecraft:gunpowder":1,"k_turrets:gauss_bullet":91,"minecraft:string":4,"the_flesh_that_hates:piece_of_flesh":5,"minecraft:bone":2,"minecraft:apple":1,"minecraft:bow":1,"minecraft:iron_ingot":4,"minecraft:iron_pickaxe":1,"the_flesh_that_hates:mutated_flesh":1,"minecraft:dark_oak_door":2,"firstaid:plaster":4,"minecraft:stone":2,"minecraft:porkchop":3,"mutantmonsters:hulk_hammer":1,"minecraft:arrow":11,"minecraft:rotten_flesh":1,"minecraft:deepslate":3,"k_turrets:gauss_turret_item":2,"minecraft:bread":3,"minecraft:gold_ingot":1,"firstaid:bandage":1,"minecraft:rail":2},"minecraft:custom":{"minecraft:mob_kills":34,"minecraft:leave_game":4,"minecraft:time_since_death":38143,"minecraft:climb_one_cm":6396,"minecraft:time_since_rest":38143,"minecraft:damage_taken":60,"minecraft:sprint_one_cm":58058,"minecraft:walk_one_cm":110207,"minecraft:damage_dealt":1724,"minecraft:fly_one_cm":213766,"minecraft:open_chest":3,"minecraft:crouch_one_cm":1329,"minecraft:play_time":38143,"minecraft:sneak_time":979,"minecraft:walk_under_water_one_cm":1159,"minecraft:jump":140,"minecraft:walk_on_water_one_cm":1818,"minecraft:total_world_time":86160,"minecraft:fall_one_cm":1770},"minecraft:killed":{"the_flesh_that_hates:flesh_justice":1,"the_flesh_that_hates:flesh_dog":2,"minecraft:spider":1,"minecraft:creeper":2,"the_flesh_that_hates:plaqueincubatorstart":1,"minecraft:sheep":1,"minecraft:skeleton":2,"the_flesh_that_hates:bruteplaquecreatureone":1,"the_flesh_that_hates:flesh_villager":1,"the_flesh_that_hates:flesh_pillager":2,"minecraft:zombie":1,"the_flesh_that_hates:flesh_vindicator":1,"the_flesh_that_hates:plaquecontaminator":3,"the_flesh_that_hates:flesh_piece":6,"mutantmonsters:mutant_zombie":1,"mutantmonsters:spider_pig":2},"minecraft:used":{"dummmmmmy:target_dummy":1,"k_turrets:cobble_turret_item":1,"jeg:combat_rifle":58,"the_flesh_that_hates:flesh_vindicator_spawn_egg":1,"the_flesh_that_hates:flesh_justice_spawn_egg":1,"mahoutsukai:caliburn":1,"mteg:micro_uzi":91,"mutantmonsters:endersoul_hand":5,"minecraft:stone":9,"minecraft:zombie_spawn_egg":1,"jeg:holy_shotgun":33,"horror_element_mod:russian_officer_head":1,"jeg:pump_shotgun":8,"the_flesh_that_hates:flesh_suffer_spawn_egg":1,"mahoutsukai:scroll_boundary_displacement":4,"k_turrets:gauss_turret_item":4,"mteg:mp5":11,"jeg:typhoonee":3,"mahoutsukai:scroll_boundary_raise_enclosure":4,"mteg:awp":10,"mutantmonsters:spider_pig_spawn_egg":2,"mahoutsukai:proximity_projection_keys":10,"the_flesh_that_hates:plaqueincubatorstart_spawn_egg":1,"mutantmonsters:creeper_minion_spawn_egg":1,"mteg:m2_flamethrower":200,"the_flesh_that_hates:flesh_hunter_three_spawn_egg":1,"mahoutsukai:morgan":17,"mteg:hellfire":159,"mutantmonsters:mutant_snow_golem_spawn_egg":1,"the_flesh_that_hates:flesh_human_spawn_egg":1,"securitycraft:sentry":1,"jeg:double_barrel_shotgun":5,"mutantmonsters:mutant_zombie_spawn_egg":1,"the_flesh_that_hates:flesh_pig_spawn_egg":1,"horror_element_mod:sign_1":1,"mteg:hog_bonker":16,"mteg:m14":9,"mutantmonsters:hulk_hammer":8,"jeg:revolver":6,"mahoutsukai:theripper":18,"jeg:waterpipe_shotgun":4,"the_flesh_that_hates:flesh_pillager_spawn_egg":2},"minecraft:mined":{"mahoutsukai:mahoujin_raise_enclosure":1}},"DataVersion":3465}